{
    "available_space": true,
    "size_max": 44.46237850189209,
    "size_mean": 10.980578361673558,
    "size_min": 2.524348258972168,
    "total_size": 516.0871829986572,
    "video_list": {
        "W-P-L-J ~ The 4 Deuces (1955)(78 rpm)-pJ7WdJYjOS8.mp4": {
            "size": 5.46087646484375
        },
        "WARRIOR La ultima Pelea _ Espa\u00f1ol Latino-H-O755Qvm0o.mp4": {
            "size": 44.46237850189209
        },
        "WATERLOO ~ Stonewall Jackson  (1959)-_-QQI6lb_Hg.mp4": {
            "size": 4.230507850646973
        },
        "WCW Mayhem Soundtrack - 04 - Here Comes The Pain-MFbvAii33Wc.mp4": {
            "size": 7.27498722076416
        },
        "WILL U STILL LOVE ME TOMORROW -THE SHIRELLES (LYRICS).mp4": {
            "size": 6.922029495239258
        },
        "WLT - Golden Silvers - Magic Touch-b3jjwTWo_9A.mp4": {
            "size": 22.8930606842041
        },
        "Waiting for the Sun - The Doors-W1WnrjciO8c.mp4": {
            "size": 8.932333946228027
        },
        "Waiting-ip3-crAs1U4.mp4": {
            "size": 4.329903602600098
        },
        "Wake Up-cCiFloUKUBs.mp4": {
            "size": 11.856739044189453
        },
        "Wan Light-V36g51g3B8U.mp4": {
            "size": 2.524348258972168
        },
        "Wanda Jackson - Hard Headed Woman-pzJ3hiqsi0U.mp4": {
            "size": 7.737597465515137
        },
        "Wasted Tears-4EC8-KxnQo0.mp4": {
            "size": 8.003636360168457
        },
        "We Can Last Forever (2009 Remaster)-iLJfSeQzjmU.mp4": {
            "size": 9.185895919799805
        },
        "Webb Pierce - Where'd Ya Stay Last Night-n7HfZwE-isM.mp4": {
            "size": 20.300079345703125
        },
        "Weeping Willow ~ The Five Satins (1956)-Nix5xs22Uk4.mp4": {
            "size": 7.144822120666504
        },
        "Weezer - In The Garage-V0rV88Ev-og.mp4": {
            "size": 6.07102108001709
        },
        "Weezer - Say It Ain't So (Version 3)-ENXvZ9YRjbo.mp4": {
            "size": 14.009533882141113
        },
        "Weezer - Undone -- The Sweater Song-LHQqqM5sr7g.mp4": {
            "size": 15.066265106201172
        },
        "Wes Montgomery - Bock To Bock-g3faH74Sba4.mp4": {
            "size": 12.7723388671875
        },
        "Wes Montgomery - Montgomeryland Funk-nSQzaas-z-Q.mp4": {
            "size": 6.435310363769531
        },
        "Wes Montgomery - Wes' tune-ILtpmB2QZTg.mp4": {
            "size": 5.421858787536621
        },
        "Wham! - Wake Me Up Before You Go-Go (Official Video)-pIgZ7gMze7A.mp4": {
            "size": 19.204209327697754
        },
        "When Lights Are Low (2006 Remaster)-JVyg-l-DySE.mp4": {
            "size": 6.997045516967773
        },
        "When The Sun Comes Out ~ Don Cherry  (1956)-U9LTyGrY6aA.mp4": {
            "size": 4.106431007385254
        },
        "Where Are You ~ Frankie Avalon  (1960)-7VF_yYS2BzQ.mp4": {
            "size": 4.227557182312012
        },
        "Where You Go I Go - Kim Walker-Smith _ Jesus Culture - Jesus Culture Music-c2U3PU-E32E.mp4": {
            "size": 31.870963096618652
        },
        "White Zombie - More Human Than Human (Official Video)-E0E0ynyIUsg.mp4": {
            "size": 22.313669204711914
        },
        "White Zombie - Thunder Kiss '65 (Official Video)-yPNFVj-pISU.mp4": {
            "size": 19.77861785888672
        },
        "White Zombie - Welcome To Planet M.F.-H8gHMU-pDbU.mp4": {
            "size": 12.6256742477417
        },
        "White Zombie ft. Iggy Pop - Black Sunshine (Official Video)-sqPClltS5k8.mp4": {
            "size": 23.965686798095703
        },
        "Whitesnake~Here I Go Again FULL HQ-HSYqDIJfdbs.mp4": {
            "size": 6.049404144287109
        },
        "Who Can Explain  ~ Frankie Lymon & The Teenagers (1956)(78 rpm)-OqUCu_KDnN4.mp4": {
            "size": 5.425541877746582
        },
        "Who Knows ~ The Charms (1954)(78 rpm)-bpswn6gkCzw.mp4": {
            "size": 5.466338157653809
        },
        "Will Power - Persona 5-_BNXe3QSLfM.mp4": {
            "size": 7.233401298522949
        },
        "Wish You Were Here-hjpF8ukSrvk.mp4": {
            "size": 6.185453414916992
        },
        "With a Hip-S9knRAZIVHs.mp4": {
            "size": 4.5729265213012695
        },
        "Within The Ruins - Behold The Harlot (BEST QUALITY W_DOWNLOAD LINK)-8T7WffJ9w00.mp4": {
            "size": 7.840344429016113
        },
        "Within The Ruins - Extinguish Them-SGxXveGfdqw.mp4": {
            "size": 23.06876850128174
        },
        "Within The Ruins - The Carousser (BEST QUALITY W_DOWNLOAD LINK)-NCvt9qXWTL8.mp4": {
            "size": 15.121016502380371
        },
        "Without A Song ~ The Gaylords  (1955)-97RkarorcDI.mp4": {
            "size": 4.698724746704102
        },
        "Without Love - Ken Boothe (Subtitulos Espa\u00f1ol).mp4": {
            "size": 6.285830497741699
        },
        "Won't Stop-YGAj36jNVMw.mp4": {
            "size": 9.46867561340332
        },
        "World In My Eyes-TWSScY6xOtw.mp4": {
            "size": 5.895870208740234
        },
        "Wrath Within-_RI3G9HKZW8.mp4": {
            "size": 4.147246360778809
        },
        "Wrong Number (P2p Mix)-5ZeytXEj2IU.mp4": {
            "size": 9.997492790222168
        },
        "W\u00d8LFFE - Shoot You Down-ZjInM0apmfE.mp4": {
            "size": 10.097660064697266
        },
        "wes montgomery---FarWes-OP289vAd3ZQ.mp4": {
            "size": 8.407109260559082
        }
    }
}