{
    "available_space": true,
    "id": "w",
    "size_max": 44.46237850189209,
    "size_mean": 10.980578361673558,
    "size_min": 2.524348258972168,
    "total_size": 516.0871829986572
}