{
    "available_space": true,
    "file_sizes": {
        "LWB's House (The Remix)-iAi8VTkAs84.mp4": 6.547643661499023,
        "Sweet Little Sixteen-TQsMuCwwL3g.mp4": 5.63671875,
        "Swimming Tapes - Morningside [Full Album].mp4": 36.159207344055176,
        "Switchfoot - Ammunition [Official Audio]-sNhICxRfFkk.mp4": 8.72903060913086,
        "Switchfoot - Daisy [Official Audio]-zzFvyr77XGw.mp4": 10.04434871673584,
        "Switchfoot - Golden [Official Audio]-wWJ0mwjJFLg.mp4": 8.398870468139648,
        "Switchfoot - Happy Is A Yuppie Word [Official Audio]-JBuU3dlmoaY.mp4": 11.301629066467285,
        "Switchfoot - Oh! Gravity. (Video)-9o4CA36CdJA.mp4": 14.168513298034668,
        "Switchfoot - Stars-Tv-5snutHG0.mp4": 19.41195297241211,
        "Switchfoot - The Beautiful Letdown (from Live in San Diego)-o5p2aGTmw_k.mp4": 22.75908660888672,
        "Switchfoot - The Beautiful Letdown [Official Audio]-ecySD3Ek_jk.mp4": 12.591806411743164,
        "Switchfoot - The Blues [Official Audio]-bhS7y1iusRw.mp4": 12.335832595825195,
        "Switchfoot - We Are One Tonight (Concept Video)-Wt35Tdj3hoI.mp4": 16.036459922790527,
        "Switchfoot -'This is Home' - THE CHRONICLES OF NARNIA-N0ykm1v9xbU.mp4": 14.630314826965332,
        "Sw\u00f8rn - Reflection [chill lofi instrumental beats]-O7cWSVzCEJo.mp4": 40.319621086120605,
        "W-P-L-J ~ The 4 Deuces (1955)(78 rpm)-pJ7WdJYjOS8.mp4": 5.46087646484375,
        "WARRIOR La ultima Pelea _ Espa\u00f1ol Latino-H-O755Qvm0o.mp4": 44.46237850189209,
        "WATERLOO ~ Stonewall Jackson  (1959)-_-QQI6lb_Hg.mp4": 4.230507850646973,
        "WCW Mayhem Soundtrack - 04 - Here Comes The Pain-MFbvAii33Wc.mp4": 7.27498722076416,
        "WILL U STILL LOVE ME TOMORROW -THE SHIRELLES (LYRICS).mp4": 6.922029495239258,
        "WLT - Golden Silvers - Magic Touch-b3jjwTWo_9A.mp4": 22.8930606842041,
        "Waiting for the Sun - The Doors-W1WnrjciO8c.mp4": 8.932333946228027,
        "Waiting-ip3-crAs1U4.mp4": 4.329903602600098,
        "Wake Up-cCiFloUKUBs.mp4": 11.856739044189453,
        "Wan Light-V36g51g3B8U.mp4": 2.524348258972168,
        "Wanda Jackson - Hard Headed Woman-pzJ3hiqsi0U.mp4": 7.737597465515137,
        "Wasted Tears-4EC8-KxnQo0.mp4": 8.003636360168457,
        "We Can Last Forever (2009 Remaster)-iLJfSeQzjmU.mp4": 9.185895919799805,
        "Webb Pierce - Where'd Ya Stay Last Night-n7HfZwE-isM.mp4": 20.300079345703125,
        "Weeping Willow ~ The Five Satins (1956)-Nix5xs22Uk4.mp4": 7.144822120666504,
        "Weezer - In The Garage-V0rV88Ev-og.mp4": 6.07102108001709,
        "Weezer - Say It Ain't So (Version 3)-ENXvZ9YRjbo.mp4": 14.009533882141113,
        "Weezer - Undone -- The Sweater Song-LHQqqM5sr7g.mp4": 15.066265106201172,
        "Wes Montgomery - Bock To Bock-g3faH74Sba4.mp4": 12.7723388671875,
        "Wes Montgomery - Montgomeryland Funk-nSQzaas-z-Q.mp4": 6.435310363769531,
        "Wes Montgomery - Wes' tune-ILtpmB2QZTg.mp4": 5.421858787536621,
        "Wham! - Wake Me Up Before You Go-Go (Official Video)-pIgZ7gMze7A.mp4": 19.204209327697754,
        "When Lights Are Low (2006 Remaster)-JVyg-l-DySE.mp4": 6.997045516967773,
        "When The Sun Comes Out ~ Don Cherry  (1956)-U9LTyGrY6aA.mp4": 4.106431007385254,
        "Where Are You ~ Frankie Avalon  (1960)-7VF_yYS2BzQ.mp4": 4.227557182312012,
        "Where You Go I Go - Kim Walker-Smith _ Jesus Culture - Jesus Culture Music-c2U3PU-E32E.mp4": 31.870963096618652,
        "White Zombie - More Human Than Human (Official Video)-E0E0ynyIUsg.mp4": 22.313669204711914,
        "White Zombie - Thunder Kiss '65 (Official Video)-yPNFVj-pISU.mp4": 19.77861785888672,
        "White Zombie - Welcome To Planet M.F.-H8gHMU-pDbU.mp4": 12.6256742477417,
        "White Zombie ft. Iggy Pop - Black Sunshine (Official Video)-sqPClltS5k8.mp4": 23.965686798095703,
        "Whitesnake~Here I Go Again FULL HQ-HSYqDIJfdbs.mp4": 6.049404144287109,
        "Who Can Explain  ~ Frankie Lymon & The Teenagers (1956)(78 rpm)-OqUCu_KDnN4.mp4": 5.425541877746582,
        "Who Knows ~ The Charms (1954)(78 rpm)-bpswn6gkCzw.mp4": 5.466338157653809,
        "Will Power - Persona 5-_BNXe3QSLfM.mp4": 7.233401298522949,
        "Wish You Were Here-hjpF8ukSrvk.mp4": 6.185453414916992,
        "With a Hip-S9knRAZIVHs.mp4": 4.5729265213012695,
        "Within The Ruins - Behold The Harlot (BEST QUALITY W_DOWNLOAD LINK)-8T7WffJ9w00.mp4": 7.840344429016113,
        "Within The Ruins - Extinguish Them-SGxXveGfdqw.mp4": 23.06876850128174,
        "Within The Ruins - The Carousser (BEST QUALITY W_DOWNLOAD LINK)-NCvt9qXWTL8.mp4": 15.121016502380371,
        "Without A Song ~ The Gaylords  (1955)-97RkarorcDI.mp4": 4.698724746704102,
        "Without Love - Ken Boothe (Subtitulos Espa\u00f1ol).mp4": 6.285830497741699,
        "Won't Stop-YGAj36jNVMw.mp4": 9.46867561340332,
        "World In My Eyes-TWSScY6xOtw.mp4": 5.895870208740234,
        "Wrath Within-_RI3G9HKZW8.mp4": 4.147246360778809,
        "Wrong Number (P2p Mix)-5ZeytXEj2IU.mp4": 9.997492790222168,
        "W\u00d8LFFE - Shoot You Down-ZjInM0apmfE.mp4": 10.097660064697266,
        "wes montgomery---FarWes-OP289vAd3ZQ.mp4": 8.407109260559082
    },
    "size_max": 44.46237850189209,
    "size_mean": 12.179971279636506,
    "size_min": 2.524348258972168,
    "total_size": 755.1582193374634,
    "video_list": {
        "LWB's House (The Remix)-iAi8VTkAs84.mp4": "https://github.com/circuitalmynds/music_w/blob/main/videos/LWB's%20House%20(The%20Remix)-iAi8VTkAs84.mp4?raw=true",
        "Sweet Little Sixteen-TQsMuCwwL3g.mp4": "https://github.com/circuitalmynds/music_w/blob/main/videos/Sweet%20Little%20Sixteen-TQsMuCwwL3g.mp4?raw=true",
        "Swimming Tapes - Morningside [Full Album].mp4": "https://github.com/circuitalmynds/music_w/blob/main/videos/Swimming%20Tapes%20-%20Morningside%20%5BFull%20Album%5D.mp4?raw=true",
        "Switchfoot - Ammunition [Official Audio]-sNhICxRfFkk.mp4": "https://github.com/circuitalmynds/music_w/blob/main/videos/Switchfoot%20-%20Ammunition%20%5BOfficial%20Audio%5D-sNhICxRfFkk.mp4?raw=true",
        "Switchfoot - Daisy [Official Audio]-zzFvyr77XGw.mp4": "https://github.com/circuitalmynds/music_w/blob/main/videos/Switchfoot%20-%20Daisy%20%5BOfficial%20Audio%5D-zzFvyr77XGw.mp4?raw=true",
        "Switchfoot - Golden [Official Audio]-wWJ0mwjJFLg.mp4": "https://github.com/circuitalmynds/music_w/blob/main/videos/Switchfoot%20-%20Golden%20%5BOfficial%20Audio%5D-wWJ0mwjJFLg.mp4?raw=true",
        "Switchfoot - Happy Is A Yuppie Word [Official Audio]-JBuU3dlmoaY.mp4": "https://github.com/circuitalmynds/music_w/blob/main/videos/Switchfoot%20-%20Happy%20Is%20A%20Yuppie%20Word%20%5BOfficial%20Audio%5D-JBuU3dlmoaY.mp4?raw=true",
        "Switchfoot - Oh! Gravity. (Video)-9o4CA36CdJA.mp4": "https://github.com/circuitalmynds/music_w/blob/main/videos/Switchfoot%20-%20Oh!%20Gravity.%20(Video)-9o4CA36CdJA.mp4?raw=true",
        "Switchfoot - Stars-Tv-5snutHG0.mp4": "https://github.com/circuitalmynds/music_w/blob/main/videos/Switchfoot%20-%20Stars-Tv-5snutHG0.mp4?raw=true",
        "Switchfoot - The Beautiful Letdown (from Live in San Diego)-o5p2aGTmw_k.mp4": "https://github.com/circuitalmynds/music_w/blob/main/videos/Switchfoot%20-%20The%20Beautiful%20Letdown%20(from%20Live%20in%20San%20Diego)-o5p2aGTmw_k.mp4?raw=true",
        "Switchfoot - The Beautiful Letdown [Official Audio]-ecySD3Ek_jk.mp4": "https://github.com/circuitalmynds/music_w/blob/main/videos/Switchfoot%20-%20The%20Beautiful%20Letdown%20%5BOfficial%20Audio%5D-ecySD3Ek_jk.mp4?raw=true",